{
    "_ColorR": 1.0,
    "_ColorG": 1.0,
    "_ColorB": 1.0,
    "_RampLevels": 6.0,
    "_LightScalar": 2.0999999046325685,
    "_HighColorR": 0.8666666746139526,
    "_HighColorG": 0.7566973567008972,
    "_HighColorB": 0.7098039388656616,
    "_HighIntensity": 2.200000047683716,
    "_LowColorR": 0.574181079864502,
    "_LowColorG": 0.6486170291900635,
    "_LowColorB": 0.650943398475647,
    "_LowIntensity": 0.800000011920929,
    "_OutlineColorR": 0.0,
    "_OutlineColorG": 0.0,
    "_OutlineColorB": 0.0,
    "_OutlineSize": 10.0,
    "_RimColorR": 1.0,
    "_RimColorG": 1.0,
    "_RimColorB": 1.0,
    "_RimAlpha": 0.0,
    "_RimPower": 0.0,
    "_RimDropOff": 0.0,
    "_FresnelColorR": 1.0,
    "_FresnelColorG": 1.0,
    "_FresnelColorB": 1.0,
    "_FresnelBrightness": 0.14000000059604646,
    "_FresnelPower": 0.10000000149011612,
    "_FresnelShadowDropoff": 0.10999999940395355,
    "_GradYCap": 0.0,
    "_GradIntensity": 0.0
}